Total,Percent
1452,0.9958847736625515
1404,0.9629629629629629
1367,0.9375857338820301
1177,0.8072702331961591
872,0.598079561042524
690,0.4732510288065844
259,0.1776406035665295
81,0.05555555555555555
81,0.05555555555555555
81,0.05555555555555555
81,0.05555555555555555
81,0.05555555555555555
38,0.02606310013717421
38,0.02606310013717421
37,0.025377229080932786
37,0.025377229080932786
37,0.025377229080932786
8,0.0054869684499314125
1,0.0006858710562414266
0,0.0
